1,Abagail Milstead
2,Rolf Lanktree
3,Lanita Supple
4,Norris Hambrick
5,Galvan Keilloh
6,Burch Gritsunov
7,Bobbee Heugel
8,Carmelle Trays
9,Sarine McClements
10,Lauralee Gery
11,Emelia Duffit
12,Cacilia Kilvington
13,Gal Thacker
14,Waite Barneveld
15,Ellene Bilovus
16,Eadmund Hughman
17,Jannelle Baylay
18,Celestina Sherbourne
19,Cordelia Klima
20,Corabella Henery
21,Tomkin Filyashin
22,Iago Davidde
23,Gearard Oldknow
24,Gennifer Spoors
25,Charis Erdes
26,Konrad Aaronson
27,Allyce Skerrett
28,Bogart Tinmouth
29,Merwin Blackett
30,Jillane Minichillo
31,Viola Judkin
32,Matelda von Hagt
33,Salvatore Colquitt
34,Dimitri Mawby
35,Araldo Crole
36,Torre Guare
37,Kerr Wilse
38,Dre Marlin
39,Clo Wiggin
40,Alonso Bengtsson
41,Kelsy Moyes
42,Darelle Furlonge
43,Ken Delooze
44,Merv Rown
45,Barret Mulcaster
46,Helenka Ludy
47,Winifield Dionsetti
48,Tallou Matys
49,Gae Ameer-Beg
50,Tailor Impleton
51,Zechariah Scrannage
52,Meaghan Gannon
53,Kasper Anselm
54,Riley Malletratt
55,Gaye Granville
56,Lucias Yu
57,Palm Yosifov
58,Atalanta Edgeler
59,Trula Dannel
60,Marijo Geri
61,Gracia Allsupp
62,Edita Parken
63,Luce Emons
64,Madelaine Vashchenko
65,Dacie Mawdsley
66,Corby Sang
67,Glenine Haddrell
68,Stevena Grimwood
69,Merissa Bushel
70,Finley Mingotti
71,Thea Gifkins
72,Ray Scowcraft
73,Beret Kettley
74,Elianora Tranmer
75,Shem MacCoveney
76,Somerset Tredget
77,Ethyl Rogister
78,Tiphany Chucks
79,Berk Crummie
80,Falkner Jendrich
81,Antone Dary
82,Derby Udell
83,Thoma Andreia
84,Hilario Undrill
85,Gherardo Viger
86,Aime Phalp
87,Monte Dominiak
88,Stefan Gilford
89,Opalina Cossell
90,Hillie Clibbery
91,Brander Humpherson
92,Graig Jorg
93,Amandi Geffinger
94,Arlene Frere
95,Bobbette Klimschak
96,Noak Ulster
97,Caryl Sorsby
98,Bartolemo Fryett
99,Melina Bramsen
100,Shauna Daft
